商品名,網站,價格,連結
"Apple Watch S5 LTE , 44mm Space Black Stainless Steel - Space Black Milanese Loop (MWWL2TA",PChome線上購物,10900,https://24h.pchome.com.tw/prod/DYAJC4-A900AZNRC
HomePod mini-太空灰(MY5G2TA/A),PChome線上購物,3000,https://24h.pchome.com.tw/prod/DYAJFH-1900B23G7
"Apple Watch S5 LTE, 44mm Stainless Steel - Stainless Steel Milanese Loop (MWWG2TA/A)",PChome線上購物,10900,https://24h.pchome.com.tw/prod/DYAJC4-A900AZNR5
Apple iPhone 12 mini (64G)-白色(MGDY3TA/A),PChome線上購物,23900,https://24h.pchome.com.tw/prod/DYAJ21-1900AYTJS
Apple iPhone 12 mini (64G)-藍色(MGE13TA/A),PChome線上購物,23900,https://24h.pchome.com.tw/prod/DYAJ21-A900AYWVF
"Apple Watch S5 LTE, 44mm Space Black Stainless Steel - Black Sport Band (MWWK2TA/A)",PChome線上購物,9900,https://24h.pchome.com.tw/prod/DYAJC4-A900AZNR3
"Apple Watch S5 LTE, 44mm Gold Stainless Steel - Stone Sport Band (MWWH2TA/A)",PChome線上購物,9900,https://24h.pchome.com.tw/prod/DYAJC4-A900AZNQI
Apple iPhone 12 mini (64G)-黑色(MGDX3TA/A),PChome線上購物,23900,https://24h.pchome.com.tw/prod/DYAJ21-1900AYTJO
Apple iPhone 12 mini (64G),PChome線上購物,23900,https://24h.pchome.com.tw/prod/DYAJ21-A900AZUVO
Apple iPhone 12 mini (64G)-黑色(全新福利品),PChome線上購物,23700,https://24h.pchome.com.tw/prod/DYAJFT-A900AZOGD
Apple iPhone 12 mini (64G)-綠色(MGE23TA/A),PChome線上購物,23900,https://24h.pchome.com.tw/prod/DYAJ21-1900AYTJA
Apple iPhone 12 Pro (128G)-太平洋藍(MGMN3TA/A),PChome線上購物,33900,https://24h.pchome.com.tw/prod/DYAJIM-1900AY7Y7
Apple iPhone 12 Pro (256G)-石墨色(MGMP3TA/A),PChome線上購物,37400,https://24h.pchome.com.tw/prod/DYAJIN-1900AY7Z2
Apple iPhone 12 mini (64G)-綠色(MGE23TA/A),PChome線上購物,23900,https://24h.pchome.com.tw/prod/DYAJ21-A900AYWVE
Apple iPhone 12 mini (64G)-白色(MGDY3TA/A),PChome線上購物,23900,https://24h.pchome.com.tw/prod/DYAJ21-A900AZDNF
HomePod mini-白色(MY5H2TA/A),PChome線上購物,3000,https://24h.pchome.com.tw/prod/DYAJFH-A900B25YB
Apple iPhone 12 mini (64G)-藍色(MGE13TA/A),PChome線上購物,23900,https://24h.pchome.com.tw/prod/DYAJ21-1900AYTJJ
Apple iPhone 12 mini (64G)-紅色(MGE03TA/A),PChome線上購物,23900,https://24h.pchome.com.tw/prod/DYAJ21-1900AYTJE
Apple iPhone 12 Pro (256G)-太平洋藍(MGMT3TA/A),PChome線上購物,37400,https://24h.pchome.com.tw/prod/DYAJIN-1900AY7YH
Apple iPhone 12 mini (64G)-黑色(MGDX3TA/A),PChome線上購物,23900,https://24h.pchome.com.tw/prod/DYAJ21-A900AYWVI
